{"cameraMode":{"drawMode":0,"name":"Shaded","section":"Shading Mode"},"sceneLighting":false,"audioPlay":false,"sceneViewState":{"showFog":true,"showMaterialUpdate":false,"showSkybox":true,"showFlares":true,"showImageEffects":true,"showParticleSystems":true},"in2DMode":false,"pivot":{"x":1.399999976158142,"y":2.880000114440918,"z":-0.8500000238418579},"rotation":{"x":-0.13164964318275453,"y":0.06417109817266464,"z":-0.008538753725588322,"w":-0.9891802668571472},"size":3.1022632122039797,"orthographic":false}